{"cameraMode":{"drawMode":0,"name":"Shaded","section":"Shading Mode"},"sceneLighting":true,"audioPlay":false,"sceneViewState":{"m_AlwaysRefresh":false,"showFog":true,"showSkybox":true,"showFlares":true,"showImageEffects":true,"showParticleSystems":true,"showVisualEffectGraphs":true,"m_FxEnabled":true},"in2DMode":false,"pivot":{"x":719.9852905273438,"y":1120.7515869140625,"z":-0.033419616520404819},"rotation":{"x":-0.138787180185318,"y":0.4474504292011261,"z":-0.07051613926887512,"w":-0.8806561231613159},"size":0.3007981777191162,"orthographic":false}